Local_AuthCode_2020,LA_Name,Agriculture forestry & fishing, Production,Construction,Motor trades, Wholesale,Retail,Transport_Storage_inc_postal,Accommodation_food_services,Information & communication, Property, Professional  scientific & technical,Business administration & support services,Public administration & defence, Education,Health,Arts_entertainment_recreation_other_services,Total
K02000001,United Kingdom,"148,845","152,675","351,250","76,910","101,330","208,795","123,075","161,695","225,745","102,340","467,595","235,755","7,665","45,000","103,265","175,720","2,749,700"
K03000001,Great Britain,"130,520","147,370","340,705","74,285","98,220","203,125","120,310","157,485","223,710","99,955","461,535","232,915","7,625","44,305","100,530","171,075","2,674,520"
K04000001,England and Wales,"113,185","136,600","319,755","69,640","93,060","189,740","114,390","143,050","213,185","94,080","430,690","219,655","7,570","42,285","93,945","158,460","2,496,825"
E92000001,England ,"99,425","129,960","306,260","65,915","89,935","181,235","109,550","134,150","208,550","91,175","418,630","211,430","7,035","40,915","89,605","151,565","2,390,970"
,,,,,,,,,,,,,,,,,,
E12000001,North East,"3,950","4,920","9,525","2,395","2,115","5,835","2,890","6,430","3,345","2,270","11,245","5,540",245,"1,285","3,005","5,280","71,465"
E06000047,County Durham,"1,375","1,005","2,075",550,410,"1,160",740,"1,225",470,365,"1,720",965,85,240,510,"1,020","14,105"
E06000005,Darlington,160,190,400,160,85,280,135,260,160,105,525,240,15,60,165,270,"3,285"
E06000001,Hartlepool,60,195,350,70,55,190,80,215,65,65,470,160,5,45,95,155,"2,300"
E06000002,Middlesbrough,15,230,435,105,95,280,125,305,145,100,730,290,5,70,175,215,"3,375"
E06000057,Northumberland,"1,880",675,"1,335",335,310,795,345,"1,010",415,355,"1,520",815,95,135,385,765,"11,315"
E06000003,Redcar and Cleveland,130,260,450,135,85,245,105,285,80,60,635,230,5,55,135,225,"3,145"
E06000004,Stockton-on-Tees,90,380,795,185,155,345,185,370,265,150,"1,295",445,15,105,235,380,"5,505"
E11000007,Tyne and Wear (Met County),240,"1,985","3,685",855,920,"2,540","1,175","2,760","1,745","1,070","4,350","2,395",20,575,"1,305","2,250","28,435"
E08000037,Gateshead,60,405,740,210,235,470,205,425,310,220,745,520,0,120,235,380,"5,380"
E08000021,Newcastle upon Tyne,45,400,830,205,230,735,200,845,615,450,"1,465",695,10,170,470,750,"8,325"
E08000022,North Tyneside,45,420,720,175,165,420,145,470,405,160,910,430,5,100,240,410,"5,315"
E08000023,South Tyneside,25,290,575,90,95,325,280,380,155,70,505,315,0,60,120,255,"3,590"
E08000024,Sunderland,65,470,820,175,195,590,345,640,260,170,725,435,5,125,240,455,"5,825"
,,,,,,,,,,,,,,,,,,
E12000002,North West,"11,680","16,215","31,525","8,325","11,255","24,665","13,240","17,580","15,745","10,065","42,725","23,365",560,"4,430","11,425","16,700","267,055"
E06000008,Blackburn with Darwen,80,465,410,235,335,570,240,340,185,180,625,440,5,75,305,255,"4,895"
E06000009,Blackpool,15,255,525,125,145,435,200,515,180,130,385,265,0,55,165,265,"3,720"
E06000049,Cheshire East,"1,435","1,010","1,955",590,870,"1,190",640,960,"1,485",760,"4,050","1,710",80,335,705,"1,235","19,475"
E06000050,Cheshire West and Chester,995,720,"1,465",420,490,905,455,745,"1,025",530,"2,960","1,325",70,280,550,855,"14,130"
E06000006,Halton,30,325,460,125,165,210,375,200,215,115,575,340,5,75,140,210,"3,625"
E06000007,Warrington,120,520,"1,050",270,300,480,490,375,720,260,"2,475","1,210",15,150,320,485,"9,405"
E10000006,Cumbria,"4,860","1,300","2,860",670,540,"1,515",705,"2,100",625,625,"2,765","1,640",185,400,685,"1,325","23,530"
E07000026,Allerdale,"1,070",260,520,120,75,260,135,415,75,95,460,310,45,70,125,270,"4,380"
E07000027,Barrow-in-Furness,80,155,285,75,30,160,35,160,55,35,385,205,0,30,70,135,"1,910"
E07000028,Carlisle,815,205,590,180,135,270,250,335,155,160,435,250,25,80,160,275,"4,845"
E07000029,Copeland,465,130,235,60,35,125,65,220,55,30,430,235,15,30,65,145,"2,350"
E07000030,Eden,"1,345",165,425,85,95,180,125,255,70,85,310,180,50,55,75,140,"3,670"
E07000031,South Lakeland,"1,085",385,805,150,170,520,95,715,215,220,745,460,50,135,190,360,"6,375"
E11000001,Greater Manchester (Met County),705,"6,140","11,845","3,120","5,125","11,960","5,545","6,370","6,945","4,340","16,760","9,185",25,"1,635","4,745","6,335","104,550"
E08000001,Bolton,85,725,"1,260",380,500,"1,210",930,625,490,320,"1,325",890,5,145,605,605,"10,330"
E08000002,Bury,70,420,"1,065",265,375,765,695,445,420,445,"1,090",760,0,130,330,500,"8,025"
E08000003,Manchester,15,795,"1,505",425,"1,245","4,035",755,"1,595","1,895","1,125","4,385","1,880",5,360,975,"1,330","22,850"
E08000004,Oldham,70,595,945,295,305,660,500,545,315,190,845,625,5,105,310,445,"6,880"
E08000005,Rochdale,115,575,920,250,370,670,425,440,290,240,735,605,0,110,350,430,"6,660"
E08000006,Salford,30,495,"1,080",230,530,"1,690",540,460,630,595,"1,410",935,0,155,385,505,"11,075"
E08000007,Stockport,75,745,"1,415",385,620,890,415,665,945,455,"2,285","1,105",0,185,555,785,"11,920"
E08000008,Tameside,55,635,955,265,320,610,280,465,290,175,815,430,0,100,270,415,"6,195"
E08000009,Trafford,55,470,"1,140",220,495,735,305,500,"1,230",560,"2,660","1,265",5,200,620,675,"11,595"
E08000010,Wigan,135,685,"1,560",405,365,695,700,630,440,235,"1,210",690,5,145,345,645,"9,020"
E10000017,Lancashire,"3,155","3,200","5,930","1,705","2,015","3,830","2,040","2,925","2,210","1,615","5,795","3,400",140,655,"1,870","2,760","44,190"
E07000117,Burnley,60,285,360,95,150,275,150,210,120,80,270,200,10,30,125,175,"2,640"
E07000118,Chorley,235,260,640,175,170,340,230,250,280,150,685,365,10,70,170,290,"4,415"
E07000119,Fylde,190,185,365,95,120,285,115,240,280,155,540,235,15,55,125,210,"3,295"
E07000120,Hyndburn,65,245,300,110,140,215,120,200,60,70,210,175,0,40,155,155,"2,305"
E07000121,Lancaster,500,295,615,170,165,380,205,400,235,150,600,325,15,80,210,285,"4,700"
E07000122,Pendle,180,275,360,130,140,280,140,195,95,110,305,230,15,35,135,180,"2,845"
E07000123,Preston,190,315,685,200,275,520,250,305,275,255,785,460,15,80,260,325,"5,425"
E07000124,Ribble Valley,550,205,385,105,165,270,90,220,135,150,445,235,15,55,110,205,"3,410"
E07000125,Rossendale,120,230,360,115,135,215,105,155,115,65,325,190,0,25,115,165,"2,480"
E07000126,South Ribble,185,280,615,175,160,315,190,210,235,130,550,350,5,65,160,260,"3,975"
E07000127,West Lancashire,450,325,610,170,220,305,280,260,200,175,570,365,10,75,160,260,"4,520"
E07000128,Wyre,430,300,635,165,175,430,165,280,180,125,510,270,30,45,145,250,"4,180"
E11000002,Merseyside (Met County),285,"2,280","5,025","1,065","1,270","3,570","2,550","3,050","2,155","1,510","6,335","3,850",35,770,"1,940","2,975","39,535"
E08000011,Knowsley,40,325,620,60,140,235,330,195,145,70,460,425,5,55,150,200,"3,525"
E08000012,Liverpool,15,640,"1,480",285,410,"1,535",935,"1,270",860,750,"2,470","1,545",5,305,680,"1,065","14,600"
E08000014,Sefton,75,440,"1,135",270,295,675,435,565,405,280,"1,175",685,15,145,405,660,"7,845"
E08000013,St. Helens,85,330,655,170,155,410,490,375,225,130,665,390,5,75,210,330,"4,780"
E08000015,Wirral,70,545,"1,135",280,270,715,360,645,520,280,"1,565",805,5,190,495,720,"8,785"
,,,,,,,,,,,,,,,,,,
E12000003,Yorkshire and The Humber,"11,580","13,385","23,785","6,820","7,695","15,340","12,335","13,745","10,055","6,880","26,310","14,085",645,"3,125","7,825","11,890","189,265"
E06000011,East Riding of Yorkshire,"1,980",955,"1,870",445,475,900,605,925,520,470,"1,860",970,125,200,465,865,"13,860"
E06000010,Kingston upon Hull City of,20,650,880,255,285,620,350,620,200,210,680,465,5,110,295,460,"6,215"
E06000012,North East Lincolnshire,70,355,735,230,185,475,460,345,115,140,535,345,15,90,195,305,"4,635"
E06000013,North Lincolnshire,485,410,730,270,185,385,520,365,145,165,625,365,45,105,220,430,"5,535"
E06000014,York,260,315,825,180,195,640,175,670,545,335,"1,355",545,30,155,280,520,"7,215"
E10000023,North Yorkshire,"6,380","1,855","3,485",950,"1,200","2,100",895,"2,420","1,295","1,240","4,330","2,205",280,420,980,"1,995","32,590"
E07000163,Craven,830,190,405,75,130,255,95,260,135,140,420,200,20,25,105,195,"3,530"
E07000164,Hambleton,"1,380",305,555,160,205,300,125,325,140,185,675,350,50,60,155,325,"5,380"
E07000165,Harrogate,"1,125",455,910,255,410,570,180,485,535,465,"1,690",740,55,155,320,560,"9,155"
E07000166,Richmondshire,775,140,280,85,75,145,70,225,80,100,290,170,40,35,55,195,"2,785"
E07000167,Ryedale,"1,100",240,375,120,105,220,90,250,100,105,350,215,40,35,75,250,"3,715"
E07000168,Scarborough,675,245,490,120,120,370,90,660,110,130,355,240,35,55,165,275,"4,185"
E07000169,Selby,495,280,470,135,155,240,245,215,195,115,550,290,40,55,105,195,"3,840"
E11000003,South Yorkshire (Met County),900,"3,025","5,800","1,520","1,690","3,230","3,330","2,830","2,080","1,280","5,075","2,840",65,760,"1,725","2,565","39,455"
E08000016,Barnsley,250,510,"1,125",265,260,555,645,525,250,210,730,390,5,120,230,400,"6,585"
E08000017,Doncaster,320,600,"1,420",400,365,765,"1,255",640,325,285,"1,025",690,30,175,370,530,"9,360"
E08000018,Rotherham,150,615,"1,315",310,320,590,640,485,370,180,890,535,20,145,275,450,"7,435"
E08000019,Sheffield,180,"1,300","1,940",545,745,"1,320",790,"1,180","1,135",605,"2,430","1,225",10,320,850,"1,185","16,075"
E11000006,West Yorkshire (Met County),"1,485","5,820","9,460","2,970","3,480","6,990","6,000","5,570","5,155","3,040","11,850","6,350",80,"1,285","3,665","4,750","79,760"
E08000032,Bradford,305,"1,245","1,665",710,870,"1,785",745,"1,175",880,580,"2,280","1,300",10,275,915,995,"16,085"
E08000033,Calderdale,285,755,"1,110",340,410,705,495,655,550,260,"1,175",590,10,155,345,545,"8,550"
E08000034,Kirklees,360,"1,415","1,910",625,745,"1,545",865,"1,085",760,565,"1,995","1,135",10,245,745,870,"15,150"
E08000035,Leeds,325,"1,635","3,310",850,"1,080","2,125","3,060","1,880","2,480","1,315","5,235","2,600",30,420,"1,280","1,740","30,185"
E08000036,Wakefield,210,770,"1,465",445,375,830,835,775,485,320,"1,165",725,20,190,380,600,"9,790"
,,,,,,,,,,,,,,,,,,
E12000004,East Midlands,"11,030","13,135","23,905","6,710","7,525","13,665","12,800","10,830","10,015","6,460","25,450","14,155",935,"3,190","6,885","12,230","184,015"
E06000015,Derby,25,515,905,295,250,615,505,505,535,250,"1,225",585,15,145,395,485,"7,425"
E06000016,Leicester,15,"1,335",815,470,690,"1,395","1,015",800,795,655,"1,420","1,085",0,185,695,635,"13,215"
E06000018,Nottingham,10,610,950,320,355,830,475,660,625,435,"1,425",765,5,185,525,595,"9,305"
E06000017,Rutland,230,110,215,50,85,155,75,125,115,65,370,155,20,30,50,115,"2,000"
E10000007,Derbyshire,"2,395","2,495","4,290","1,170","1,235","2,085","1,305","2,120","1,500","1,095","4,060","2,045",155,500,"1,050","1,665","29,760"
E07000032,Amber Valley,295,395,725,185,170,325,195,305,200,170,625,315,20,70,170,290,"4,540"
E07000033,Bolsover,95,195,355,100,105,180,140,150,75,135,240,155,20,30,70,130,"2,265"
E07000034,Chesterfield,35,350,440,175,190,290,160,285,175,100,405,250,5,65,155,200,"3,360"
E07000035,Derbyshire Dales,940,295,480,115,145,305,155,410,215,175,640,255,50,75,145,230,"4,680"
E07000036,Erewash,90,425,665,160,175,255,165,240,210,130,495,260,10,55,125,195,"3,730"
E07000037,High Peak,315,320,515,150,145,290,160,310,245,120,640,285,10,65,155,245,"4,040"
E07000038,North East Derbyshire,320,260,590,135,165,210,125,205,160,125,420,220,20,65,105,170,"3,370"
E07000039,South Derbyshire,305,255,520,150,140,230,205,215,220,140,595,305,20,75,125,205,"3,775"
E10000018,Leicestershire,"1,785","2,300","3,915","1,010","1,420","1,990","1,590","1,510","1,695","1,145","4,610","2,655",160,580,"1,070","1,755","30,150"
E07000129,Blaby,115,305,695,130,160,255,255,150,235,150,570,380,20,70,135,225,"4,180"
E07000130,Charnwood,200,540,870,245,335,535,320,390,405,225,"1,080",565,25,130,265,445,"6,710"
E07000131,Harborough,585,305,595,145,250,320,180,245,295,255,920,645,45,105,165,295,"5,540"
E07000132,Hinckley and Bosworth,285,435,640,185,220,310,375,285,265,155,675,380,30,95,155,285,"4,865"
E07000133,Melton,395,170,320,75,115,145,75,125,100,95,400,195,15,40,70,150,"2,530"
E07000134,North West Leicestershire,195,345,540,165,220,270,280,220,245,175,685,365,25,95,125,255,"4,325"
E07000135,Oadby and Wigston,10,200,255,65,120,155,105,95,150,90,280,125,0,45,155,100,"2,000"
E10000019,Lincolnshire,"3,730","1,690","3,960","1,100","1,125","2,005","2,025","1,885",975,875,"3,265","1,875",265,470,920,"1,555","28,160"
E07000136,Boston,315,140,255,115,105,185,325,145,35,60,145,155,15,35,80,120,"2,260"
E07000137,East Lindsey,"1,110",340,665,220,210,505,175,590,105,125,425,335,65,65,150,340,"5,475"
E07000138,Lincoln,20,145,375,115,70,255,125,240,115,115,355,195,5,55,135,200,"2,570"
E07000139,North Kesteven,510,255,695,160,150,230,200,215,150,150,525,275,50,75,135,220,"4,060"
E07000140,South Holland,660,185,580,140,180,235,760,170,95,70,345,265,20,55,95,155,"4,065"
E07000141,South Kesteven,495,375,840,200,285,390,230,320,355,225,995,410,50,115,205,315,"5,940"
E07000142,West Lindsey,620,250,550,150,125,205,210,205,120,130,475,240,60,70,120,205,"3,790"
E10000021,Northamptonshire,"1,530","2,145","4,715","1,270","1,285","2,405","4,605","1,700","2,135",980,"5,015","3,010",195,635,"1,055","3,765","37,070"
E07000150,Corby,20,245,270,220,95,140,905,120,115,60,280,200,10,35,75,140,"2,955"
E07000151,Daventry,480,335,525,165,200,225,260,185,280,175,880,395,45,100,100,270,"4,695"
E07000152,East Northamptonshire,280,220,580,140,160,235,265,210,235,105,620,270,40,80,125,220,"3,860"
E07000153,Kettering,135,290,645,160,160,250,530,250,225,110,500,355,15,80,135,210,"4,120"
E07000154,Northampton,25,465,"1,430",275,325,600,"1,710",530,650,250,"1,255",895,25,170,370,535,"9,720"
E07000155,South Northamptonshire,480,305,730,170,170,225,155,200,445,175,"1,045",495,50,110,145,325,"5,320"
E07000156,Wellingborough,110,285,535,140,175,730,780,205,185,105,435,400,10,60,105,"2,065","6,400"
E10000024,Nottinghamshire,"1,310","1,935","4,140","1,025","1,080","2,185","1,205","1,525","1,640",960,"4,060","1,980",120,460,"1,125","1,660","26,930"
E07000170,Ashfield,65,315,545,150,140,265,160,205,140,65,310,225,5,50,110,200,"2,985"
E07000171,Bassetlaw,375,330,540,175,165,290,270,255,170,125,490,270,30,75,130,245,"4,010"
E07000172,Broxtowe,45,210,560,120,120,260,125,195,235,125,505,245,5,60,190,215,"3,275"
E07000173,Gedling,80,250,665,130,125,285,145,190,215,140,495,285,10,60,165,215,"3,525"
E07000174,Mansfield,35,210,540,155,125,280,195,165,130,95,300,205,10,45,135,180,"2,855"
E07000175,Newark and Sherwood,445,365,670,180,205,350,215,315,225,185,730,350,35,60,155,295,"4,875"
E07000176,Rushcliffe,265,255,620,115,200,455,95,200,525,225,"1,230",400,25,110,240,310,"5,405"
,,,,,,,,,,,,,,,,,,
E12000005,West Midlands,"12,480","15,565","26,150","7,600","9,780","16,965","15,360","12,490","12,715","7,730","31,175","24,630",700,"3,595","8,880","12,470","221,905"
E06000019,Herefordshire County of,"2,415",655,"1,150",320,350,630,255,545,470,345,"1,135",825,110,180,285,570,"10,350"
E06000051,Shropshire,"3,365",900,"1,820",535,635,955,445,995,660,535,"2,045","1,040",115,220,510,875,"15,870"
E06000021,Stoke-on-Trent,30,595,820,330,315,660,590,470,265,160,580,470,5,115,320,445,"6,270"
E06000020,Telford and Wrekin,200,590,635,235,245,390,350,305,420,165,695,600,30,100,185,340,"5,560"
E10000028,Staffordshire,"2,835","2,370","4,990","1,200","1,460","2,090","1,820","1,865","1,630","1,125","4,635","2,535",140,525,"1,140","2,040","32,975"
E07000192,Cannock Chase,30,345,725,170,175,280,190,195,135,100,430,240,5,55,90,215,"3,430"
E07000193,East Staffordshire,480,330,585,170,210,305,395,280,250,170,690,340,25,85,170,265,"4,845"
E07000194,Lichfield,275,330,665,165,235,265,185,255,265,215,820,410,25,70,150,315,"4,755"
E07000195,Newcastle-under-Lyme,190,240,495,120,180,250,185,245,185,110,490,240,10,75,165,275,"3,515"
E07000196,South Staffordshire,270,295,920,145,190,255,285,215,200,160,630,405,15,55,135,270,"4,530"
E07000197,Stafford,635,310,665,190,225,360,185,300,325,195,790,405,25,105,225,345,"5,370"
E07000198,Staffordshire Moorlands,945,310,555,145,145,220,185,255,130,80,460,300,25,45,125,205,"4,180"
E07000199,Tamworth,10,210,380,95,100,155,210,120,140,95,325,195,10,35,80,150,"2,350"
E10000031,Warwickshire,"1,500","1,760","2,910",850,"1,000","2,025","2,055","1,405","2,000","1,050","5,510","2,675",120,490,840,"1,580","28,235"
E07000218,North Warwickshire,195,240,445,115,105,190,175,165,135,105,370,275,15,40,65,145,"2,820"
E07000219,Nuneaton and Bedworth,50,355,465,170,155,290,415,200,230,85,505,445,5,55,125,220,"3,830"
E07000220,Rugby,280,260,470,160,155,265,955,210,375,160,885,410,20,100,130,260,"5,170"
E07000221,Stratford-on-Avon,780,480,890,240,315,520,345,435,480,375,"1,735",765,55,155,230,525,"8,475"
E07000222,Warwick,195,425,640,165,270,760,165,395,780,325,"2,015",780,25,140,290,430,"7,940"
E11000005,West Midlands (Met County),315,"6,885","10,295","3,195","4,525","8,630","6,855","5,335","5,715","3,295","12,480","10,650",35,"1,535","4,730","5,075","91,150"
E08000025,Birmingham,65,"2,325","3,355","1,160","1,975","3,910","2,040","2,175","2,345","1,485","5,375","6,560",15,715,"2,225","1,965","38,370"
E08000026,Coventry,35,715,"1,085",370,355,905,975,560,925,320,"1,685",805,5,175,440,590,"10,120"
E08000027,Dudley,30,"1,075","1,555",420,545,800,765,640,460,280,"1,240",740,0,150,445,635,"9,940"
E08000028,Sandwell,5,985,"1,050",465,575,960,"1,205",625,365,265,800,630,0,125,435,495,"9,100"
E08000029,Solihull,130,325,"1,145",150,290,510,275,335,915,425,"1,735",740,15,155,445,490,"8,305"
E08000030,Walsall,40,820,"1,165",310,410,740,805,515,315,240,830,635,0,105,360,475,"7,865"
E08000031,Wolverhampton,10,640,940,320,375,805,790,485,390,280,815,540,0,110,380,425,"7,450"
E10000034,Worcestershire,"1,820","1,810","3,530",935,"1,250","1,585","2,990","1,570","1,555","1,055","4,095","5,835",145,430,870,"1,545","31,495"
E07000234,Bromsgrove,190,280,740,180,200,250,"1,020",220,345,230,905,"3,910",20,95,190,300,"9,180"
E07000235,Malvern Hills,680,295,475,110,175,245,75,240,265,205,705,330,40,75,140,230,"4,345"
E07000236,Redditch,40,325,465,140,160,175,350,185,205,95,435,310,5,50,95,145,"3,235"
E07000237,Worcester,20,185,340,115,215,245,175,225,220,120,545,265,10,70,140,250,"3,205"
E07000238,Wychavon,735,460,855,220,325,405,605,375,365,280,"1,010",625,50,90,190,365,"7,080"
E07000239,Wyre Forest,155,265,655,170,175,265,765,325,155,125,495,395,20,50,115,255,"4,450"
,,,,,,,,,,,,,,,,,,
E12000006,East ,"11,935","15,665","43,505","8,710","10,550","17,995","13,940","13,270","22,185","9,510","44,580","22,840","1,350","4,755","9,395","15,975","271,395"
E06000055,Bedford,255,405,"1,000",345,315,490,315,345,635,265,"1,215",575,35,135,265,455,"7,205"
E06000056,Central Bedfordshire,460,820,"2,270",415,495,715,585,510,"1,080",325,"2,035",985,60,265,310,775,"12,360"
E06000032,Luton,5,330,"1,160",260,280,760,870,330,645,265,920,700,0,130,340,310,"7,410"
E06000031,Peterborough,155,350,845,405,295,540,"1,155",365,520,330,975,570,30,165,310,375,"7,525"
E06000033,Southend-on-Sea,25,380,"1,120",205,220,635,215,475,560,265,"1,145",665,5,110,315,460,"6,990"
E06000034,Thurrock,40,325,"1,575",280,220,390,"1,115",300,465,140,780,570,0,120,205,265,"6,860"
E10000003,Cambridgeshire,"2,015","2,165","3,915",825,"1,090","1,495","1,135","1,375","2,730","1,000","5,335","2,375",170,585,"1,015","1,775","29,470"
E07000008,Cambridge,90,200,340,50,100,305,55,380,755,195,"1,200",390,0,210,250,380,"5,005"
E07000009,East Cambridgeshire,480,265,690,125,150,200,160,175,250,135,630,310,30,70,110,270,"4,115"
E07000010,Fenland,405,255,675,170,155,235,295,195,130,100,375,250,15,30,80,200,"3,615"
E07000011,Huntingdonshire,500,650,"1,145",280,345,410,450,340,640,275,"1,305",750,55,115,265,505,"8,150"
E07000012,South Cambridgeshire,540,795,"1,065",200,340,345,175,285,955,295,"1,825",675,70,160,310,420,"8,585"
E10000012,Essex,"2,185","3,970","13,045","2,145","2,640","3,900","3,060","2,990","4,960","2,335","10,595","5,935",240,"1,145","2,260","3,755","66,535"
E07000066,Basildon,45,505,"1,755",240,355,450,565,250,640,180,"1,215",715,5,115,250,375,"7,820"
E07000067,Braintree,400,505,"1,240",230,305,325,235,290,455,190,"1,030",560,50,110,185,405,"6,615"
E07000068,Brentwood,90,215,835,110,135,245,230,185,435,155,850,445,10,70,165,280,"4,575"
E07000069,Castle Point,10,200,955,105,80,235,265,155,190,100,445,285,0,55,85,165,"3,390"
E07000070,Chelmsford,225,385,"1,410",260,300,480,255,350,840,305,"1,545",720,25,160,290,455,"8,215"
E07000071,Colchester,260,375,"1,240",285,265,445,335,415,555,305,"1,190",655,30,135,355,425,"7,455"
E07000072,Epping Forest,220,415,"1,730",180,360,480,250,310,610,495,"1,285",815,15,150,240,490,"8,210"
E07000073,Harlow,5,220,610,115,200,180,290,120,215,75,390,295,0,60,140,195,"3,150"
E07000074,Maldon,210,265,710,130,145,190,115,190,155,120,525,280,25,45,95,180,"3,450"
E07000075,Rochford,75,260,800,130,125,240,135,150,275,105,620,315,15,75,100,215,"3,710"
E07000076,Tendring,270,295,885,200,145,370,210,380,185,125,460,320,20,75,200,270,"4,470"
E07000077,Uttlesford,375,330,875,160,225,260,175,195,405,180,"1,040",530,45,95,155,300,"5,475"
E10000015,Hertfordshire,805,"2,895","9,385","1,500","2,705","4,540","2,515","2,385","7,555","2,555","12,955","5,750",105,"1,070","2,120","3,655","63,930"
E07000095,Broxbourne,40,215,"1,015",165,240,300,260,175,290,140,575,380,0,60,120,245,"4,295"
E07000096,Dacorum,130,345,"1,245",185,310,395,360,295,"1,115",225,"1,695",710,15,155,260,530,"8,105"
E07000242,East Hertfordshire,230,465,"1,365",230,310,490,540,315,720,345,"1,715",955,30,145,225,480,"8,720"
E07000098,Hertsmere,40,280,"1,125",130,390,415,240,275,940,500,"1,465",775,5,95,250,475,"7,610"
E07000099,North Hertfordshire,195,400,765,175,285,360,155,300,745,270,"1,410",540,25,120,235,400,"6,500"
E07000240,St Albans,80,320,895,130,325,980,165,315,"1,310",295,"2,480",785,10,195,345,520,"9,330"
E07000243,Stevenage,5,160,560,90,105,220,130,125,350,155,485,260,5,45,115,155,"3,225"
E07000102,Three Rivers,40,255,840,125,255,295,180,185,715,235,"1,155",435,5,85,210,290,"5,410"
E07000103,Watford,10,200,775,115,255,730,205,220,765,165,925,430,0,80,185,255,"5,405"
E07000241,Welwyn Hatfield,35,255,800,155,230,355,280,180,605,225,"1,050",480,10,90,175,305,"5,330"
E10000020,Norfolk,"3,345","2,210","4,880","1,250","1,195","2,440","1,380","2,415","1,475","1,045","4,400","2,380",385,530,"1,200","1,980","33,030"
E07000143,Breckland,730,410,705,210,230,325,245,270,180,135,615,375,65,85,155,280,"5,085"
E07000144,Broadland,380,355,935,185,200,300,155,215,260,175,645,340,55,70,185,265,"4,810"
E07000145,Great Yarmouth,115,225,410,100,85,230,120,360,60,75,435,235,25,20,105,190,"2,825"
E07000146,King's Lynn and West Norfolk,755,355,975,230,210,420,245,390,170,160,600,385,75,85,155,295,"5,565"
E07000147,North Norfolk,615,260,590,145,140,400,125,440,130,125,415,285,80,60,115,270,"4,235"
E07000148,Norwich,35,230,470,165,145,435,240,445,355,190,780,340,5,110,255,370,"4,685"
E07000149,South Norfolk,715,375,795,215,185,330,250,295,320,185,910,420,80,100,230,310,"5,825"
E10000029,Suffolk,"2,645","1,815","4,310","1,080","1,095","2,090","1,595","1,780","1,560",985,"4,225","2,335",320,500,"1,055","2,170","30,080"
E07000200,Babergh,430,315,645,145,160,255,125,235,220,135,650,310,50,70,120,225,"4,170"
E07000244,East Suffolk,855,545,"1,295",300,300,775,610,665,455,285,"1,395",715,115,155,320,620,"9,550"
E07000202,Ipswich,20,160,580,185,135,335,420,270,315,150,515,350,5,65,220,325,"4,145"
E07000203,Mid Suffolk,755,320,730,185,200,250,185,195,235,140,685,370,90,85,135,305,"4,950"
E07000245,West Suffolk,585,475,"1,060",265,300,475,255,415,335,275,980,590,60,125,260,695,"7,265"
,,,,,,,,,,,,,,,,,,
E12000007,London,785,"16,845","57,450","6,725","19,300","40,125","15,585","24,350","72,510","25,440","120,460","51,980",100,"8,910","18,530","36,245","531,300"
E13000001,Inner London,385,"8,750","17,815","1,725","9,050","19,870","5,095","13,370","39,465","15,115","72,745","29,210",85,"4,590","8,465","21,490","279,455"
E09000007,Camden,45,"1,045","1,445",150,"1,190","2,425",650,"1,375","5,020","1,500","10,120","3,025",15,560,950,"2,710","33,005"
E09000001,City of London,30,875,670,30,630,"1,330",220,475,"2,435",990,"7,760","3,630",5,215,270,960,"24,020"
E09000012,Hackney,15,705,"1,385",120,640,"1,525",345,"1,000","4,350","1,350","5,810","2,110",0,380,575,"1,675","22,340"
E09000013,Hammersmith and Fulham,20,375,810,115,475,895,185,635,"1,810",590,"3,285","1,350",5,255,405,"1,045","12,565"
E09000014,Haringey,15,495,"1,510",175,525,"1,040",365,660,"1,625",625,"2,600","1,140",0,235,450,"1,135","12,700"
E09000019,Islington,25,680,"1,145",95,670,"1,460",325,"1,030","3,905",745,"5,775","2,015",5,345,640,"1,705","21,175"
E09000020,Kensington and Chelsea,40,355,730,75,525,"1,180",165,780,"1,315",995,"3,540","1,540",5,245,490,"1,205","13,690"
E09000022,Lambeth,10,380,990,125,320,925,280,920,"2,200",520,"3,640","1,545",5,250,590,"1,270","14,155"
E09000023,Lewisham,10,310,"1,065",135,215,730,285,655,"1,615",235,"2,305",995,0,190,495,930,"10,290"
E09000025,Newham,5,385,"2,045",195,470,"1,385",745,600,"1,585",420,"1,855","1,435",0,260,415,605,"12,535"
E09000028,Southwark,20,575,940,110,440,"1,370",280,965,"2,645",535,"4,480","1,675",5,330,590,"1,530","16,900"
E09000030,Tower Hamlets,15,565,805,135,735,"1,265",425,975,"3,260",760,"4,235","1,605",5,395,515,"1,070","17,280"
E09000032,Wandsworth,20,455,"1,160",125,600,"1,055",285,765,"2,405",640,"5,065","1,915",0,300,615,"1,325","17,005"
E09000033,Westminster,115,"1,550","3,115",140,"1,615","3,285",540,"2,535","5,295","5,210","12,275","5,230",35,630,"1,465","4,325","51,795"
E13000002,Outer London,400,"8,095","39,635","5,000","10,250","20,255","10,490","10,980","33,045","10,325","47,715","22,770",15,"4,320","10,065","14,755","251,845"
E09000002,Barking and Dagenham,10,280,"1,775",230,340,565,675,335,630,125,780,685,0,115,320,300,"7,225"
E09000003,Barnet,30,610,"3,490",340,"1,090","2,300",650,870,"2,640","2,120","4,850","2,185",5,445,"1,065","1,460","24,615"
E09000004,Bexley,10,405,"1,985",230,255,570,405,440,"1,085",195,"1,430",780,0,155,355,495,"8,930"
E09000005,Brent,5,540,"2,455",375,860,"1,720",675,810,"1,845",770,"2,565","1,310",0,235,585,940,"15,890"
E09000006,Bromley,55,460,"2,505",225,425,850,330,680,"2,150",470,"3,375","1,505",5,290,635,"1,050","15,335"
E09000008,Croydon,20,510,"2,355",325,495,"1,425",550,835,"2,045",500,"2,865","1,350",0,305,740,915,"15,480"
E09000009,Ealing,15,710,"2,510",415,"1,050","1,650",770,800,"2,340",710,"3,240","1,580",0,280,645,"1,085","18,015"
E09000010,Enfield,35,510,"2,340",365,730,"1,270",665,645,"1,325",645,"2,235","1,255",0,230,600,840,"13,865"
E09000011,Greenwich,10,350,"1,495",155,270,765,390,480,"1,575",255,"2,185",955,0,210,455,670,"10,355"
E09000015,Harrow,15,360,"2,380",295,700,"1,040",560,510,"2,245",910,"3,255","1,165",0,245,635,685,"15,280"
E09000016,Havering,35,430,"2,630",310,345,670,685,520,845,290,"1,375","1,135",0,145,420,500,"10,480"
E09000017,Hillingdon,30,530,"2,320",370,635,"1,090",995,605,"1,795",535,"2,175","1,110",5,250,480,700,"13,845"
E09000018,Hounslow,25,375,"1,465",280,625,945,870,585,"2,540",440,"2,440","1,170",0,195,430,830,"13,410"
E09000021,Kingston upon Thames,15,255,985,145,335,820,185,380,"1,390",300,"2,145",785,0,175,345,540,"8,925"
E09000024,Merton,10,355,"1,595",205,405,690,445,410,"1,605",385,"2,590","1,195",0,195,465,655,"11,380"
E09000026,Redbridge,15,385,"2,455",270,530,"1,280",650,555,"2,115",630,"2,600","1,510",0,255,645,640,"14,710"
E09000027,Richmond upon Thames,20,305,935,110,360,795,185,520,"2,285",510,"4,025","1,280",0,290,500,"1,205","13,540"
E09000029,Sutton,35,285,"1,760",160,285,545,295,400,"1,295",205,"1,530",765,0,150,365,505,"8,710"
E09000031,Waltham Forest,10,440,"2,200",195,515,"1,265",510,600,"1,295",330,"2,055","1,050",0,155,380,740,"11,855"
,,,,,,,,,,,,,,,,,,
E12000008,South East,"11,785","20,485","57,980","11,155","14,470","31,050","14,910","19,780","45,685","14,250","81,095","36,995","1,250","7,685","14,865","26,370","418,370"
E06000036,Bracknell Forest,45,175,760,120,175,200,145,135,760,100,965,520,5,85,150,275,"4,720"
E06000043,Brighton and Hove,50,430,"1,410",175,400,"3,395",215,"1,060","1,920",540,"2,800","1,190",0,320,550,"1,250","15,920"
E06000046,Isle of Wight,285,365,600,130,115,360,120,565,220,165,535,335,30,115,180,370,"4,545"
E06000035,Medway,75,485,"2,075",270,300,620,725,495,550,225,"1,225",730,15,165,365,450,"8,885"
E06000042,Milton Keynes,145,575,"1,305",360,540,625,625,460,"2,500",420,"2,360","1,215",40,235,460,740,"12,895"
E06000044,Portsmouth,20,375,"1,215",205,160,610,265,575,430,215,830,525,5,110,235,435,"6,290"
E06000038,Reading,10,235,645,180,205,410,375,315,"1,510",205,"1,375",665,5,125,280,395,"7,085"
E06000039,Slough,10,270,695,205,305,480,780,235,"1,310",155,880,545,5,100,245,240,"6,555"
E06000045,Southampton,15,455,"1,140",245,185,"1,775",685,510,485,220,985,565,0,140,355,425,"8,310"
E06000037,West Berkshire,325,455,"1,065",230,365,380,260,310,"1,220",300,"1,890",755,45,150,210,665,"8,800"
E06000040,Windsor and Maidenhead,80,365,845,175,385,530,245,375,"1,405",345,"2,430",985,15,195,370,615,"9,550"
E06000041,Wokingham,90,355,955,190,295,370,190,230,"2,080",215,"2,165",865,15,130,255,445,"9,005"
E10000002,Buckinghamshire,"1,100","1,510","3,950",875,"1,175","1,610",890,"1,055","3,815","1,320","6,950","2,750",120,555,"1,040","1,995","31,280"
E07000004,Aylesbury Vale,710,550,"1,280",335,365,500,340,345,"1,065",325,"2,075",895,70,175,295,600,"10,080"
E07000005,Chiltern,135,230,735,145,200,365,105,190,880,265,"1,665",540,15,105,225,435,"6,370"
E07000006,South Bucks,70,180,635,140,205,235,170,170,650,410,"1,150",480,10,80,210,345,"5,260"
E07000007,Wycombe,185,550,"1,300",255,405,510,275,350,"1,220",320,"2,060",835,25,195,310,615,"9,570"
E10000011,East Sussex,"1,395","1,325","3,620",725,765,"1,640",605,"1,510","1,655",795,"3,745","1,935",85,435,905,"1,635","23,135"
E07000061,Eastbourne,20,140,500,95,85,250,150,320,200,130,430,300,0,70,195,250,"3,200"
E07000062,Hastings,30,180,485,70,85,235,100,290,190,100,390,200,5,50,145,235,"2,835"
E07000063,Lewes,190,290,645,115,150,310,115,235,365,145,830,365,20,85,150,355,"4,430"
E07000064,Rother,410,230,640,135,120,325,105,310,240,140,610,335,20,70,155,265,"4,165"
E07000065,Wealden,745,485,"1,350",310,325,520,135,355,660,280,"1,485",735,40,160,260,530,"8,505"
E10000014,Hampshire,"2,035","3,580","9,095","1,800","2,090","6,120","1,965","2,560","6,285","2,115","11,900","5,165",200,"1,100","2,160","3,650","63,010"
E07000084,Basingstoke and Deane,300,375,"1,040",205,290,430,270,235,"1,230",215,"1,670",695,40,140,270,425,"7,985"
E07000085,East Hampshire,310,375,865,205,245,360,150,225,665,225,"1,390",575,35,115,235,395,"6,500"
E07000086,Eastleigh,55,385,965,155,215,"1,565",250,210,470,140,950,465,15,95,210,340,"6,605"
E07000087,Fareham,45,335,815,145,150,230,135,175,460,155,850,420,0,90,165,285,"4,570"
E07000088,Gosport,5,170,380,55,60,145,75,165,120,60,240,160,0,30,70,160,"1,910"
E07000089,Hart,100,205,610,150,150,205,105,160,755,165,"1,210",435,20,90,140,300,"4,880"
E07000090,Havant,40,285,"1,035",140,105,250,145,215,340,125,710,390,5,65,185,250,"4,350"
E07000091,New Forest,395,530,"1,200",265,280,545,250,455,540,390,"1,385",620,25,165,270,505,"7,970"
E07000092,Rushmoor,10,200,540,120,105,275,140,165,465,80,575,335,5,55,105,180,"3,425"
E07000093,Test Valley,330,395,810,190,270,860,300,250,555,220,"1,235",485,30,105,240,360,"6,780"
E07000094,Winchester,445,325,835,170,220,"1,255",145,305,685,340,"1,685",585,25,150,270,450,"8,035"
E10000016,Kent,"2,270","3,455","10,970","1,860","2,360","3,975","2,880","3,700","4,785","2,105","11,000","5,725",265,"1,145","2,380","3,735","64,005"
E07000105,Ashford,420,365,965,165,430,345,190,265,430,250,"1,070",595,40,95,230,335,"6,575"
E07000106,Canterbury,170,270,805,150,190,425,150,415,370,195,945,450,20,110,250,400,"5,400"
E07000107,Dartford,25,225,"1,005",150,165,235,395,270,545,175,755,390,5,80,155,200,"4,850"
E07000108,Dover,190,210,620,115,95,290,155,295,180,80,515,295,40,75,150,220,"3,570"
E07000109,Gravesham,45,215,890,120,105,265,385,250,260,100,545,380,5,70,150,215,"4,045"
E07000110,Maidstone,305,420,"1,455",235,300,410,560,345,480,250,"1,250",645,35,125,290,395,"7,650"
E07000111,Sevenoaks,205,335,"1,090",195,240,365,135,255,615,270,"1,380",685,25,120,215,425,"6,710"
E07000112,Folkestone and Hythe,210,190,580,130,100,310,140,355,210,125,595,295,20,70,145,235,"3,750"
E07000113,Swale,220,395,995,185,160,315,310,320,260,150,680,405,25,85,175,285,"5,020"
E07000114,Thanet,65,255,725,125,110,355,135,410,245,120,545,330,10,85,165,315,"4,050"
E07000115,Tonbridge and Malling,130,325,"1,065",165,230,265,205,250,545,170,"1,235",640,25,120,215,315,"6,055"
E07000116,Tunbridge Wells,285,250,775,125,235,395,120,270,645,220,"1,485",615,15,110,240,395,"6,330"
E10000025,Oxfordshire,"1,630","1,505","3,870",875,"1,065","1,950","1,120","1,630","3,080","1,190","6,665","2,750",205,755,"1,190","2,260","32,250"
E07000177,Cherwell,490,375,830,290,275,375,405,350,530,280,"1,300",625,60,135,210,445,"7,085"
E07000178,Oxford,30,130,390,60,110,345,105,385,595,190,"1,115",400,5,220,340,435,"4,935"
E07000179,South Oxfordshire,380,400,"1,040",200,265,410,315,385,855,305,"1,890",775,55,135,260,555,"8,370"
E07000180,Vale of White Horse,320,315,805,145,215,465,155,230,600,195,"1,290",515,40,155,200,410,"6,140"
E07000181,West Oxfordshire,410,285,805,180,200,355,140,280,500,220,"1,070",435,45,110,180,415,"5,720"
E10000030,Surrey,865,"2,435","8,445","1,510","2,180","3,550","1,700","2,250","8,410","2,330","15,485","6,435",90,"1,150","2,145","4,290","65,290"
E07000207,Elmbridge,40,245,845,115,285,470,140,265,"1,240",370,"2,620",970,5,150,290,660,"8,925"
E07000208,Epsom and Ewell,5,100,595,70,135,175,75,140,550,115,940,360,0,65,155,235,"3,800"
E07000209,Guildford,130,275,865,160,255,360,130,235,"1,020",290,"1,895",710,20,145,265,505,"7,425"
E07000210,Mole Valley,160,220,710,125,190,310,85,170,580,205,"1,325",530,10,95,180,370,"5,430"
E07000211,Reigate and Banstead,70,270,"1,190",155,225,370,170,270,845,220,"1,645",775,5,120,270,445,"7,260"
E07000212,Runnymede,40,190,620,160,195,245,190,180,550,170,845,445,0,75,130,275,"4,390"
E07000213,Spelthorne,15,180,745,150,170,265,470,190,695,110,780,430,0,65,120,260,"4,720"
E07000214,Surrey Heath,45,210,595,140,155,245,110,195,605,145,"1,060",465,10,95,160,290,"4,620"
E07000215,Tandridge,150,205,900,140,175,255,110,145,495,190,"1,040",510,20,90,170,350,"5,065"
E07000216,Waverley,185,320,875,155,220,415,90,255,980,380,"2,025",745,20,165,220,560,"8,320"
E07000217,Woking,25,220,505,140,175,440,130,205,850,135,"1,310",495,0,85,185,340,"5,335"
E10000032,West Sussex,"1,340","2,135","5,320","1,025","1,405","2,450","1,120","1,810","3,265","1,290","6,910","3,340",105,675,"1,390","2,500","36,840"
E07000223,Adur,25,180,470,75,95,170,80,120,195,55,345,180,0,45,85,155,"2,320"
E07000224,Arun,145,385,940,180,200,430,195,360,345,195,860,455,25,80,245,380,"5,490"
E07000225,Chichester,515,380,870,190,245,450,140,335,440,305,"1,320",570,30,115,210,480,"6,705"
E07000226,Crawley,10,220,445,100,155,220,285,170,370,90,555,380,5,75,125,205,"3,510"
E07000227,Horsham,420,450,985,230,305,415,190,290,715,260,"1,595",715,25,135,230,495,"7,635"
E07000228,Mid Sussex,215,330,"1,025",165,285,480,140,275,800,255,"1,575",710,15,160,285,495,"7,390"
E07000229,Worthing,10,190,585,85,120,285,90,260,400,130,660,330,5,65,210,290,"3,790"
,,,,,,,,,,,,,,,,,,
E12000009,South West,"24,200","13,745","32,435","7,475","7,245","15,595","8,490","15,675","16,295","8,570","35,590","17,840","1,250","3,940","8,795","14,405","236,200"
E06000022,Bath and North East Somerset,315,380,"1,075",185,245,555,195,565,845,345,"1,845",670,40,140,340,595,"8,495"
E06000058,Bournemouth Christchurch and Poole,75,875,"2,535",500,560,"1,160",515,975,"1,280",755,"2,305","1,270",5,310,705,940,"15,115"
E06000023,Bristol City of,40,880,"2,055",500,495,"1,190",970,"1,280","2,155",695,"3,780","1,600",10,315,820,"1,250","18,615"
E06000052,Cornwall,"4,235","1,535","3,525",750,690,"1,960",730,"2,430",870,800,"2,495","1,615",160,320,810,"1,415","24,630"
E06000059,Dorset,"2,160","1,240","2,600",550,560,"1,270",405,"1,190",960,655,"2,305","1,285",120,250,545,"1,130","17,515"
E06000053,Isles of Scilly,40,5,15,0,5,20,20,50,5,5,10,10,0,0,0,10,195
E06000024,North Somerset,405,445,"1,240",320,295,520,435,500,740,315,"1,565",740,35,155,340,500,"8,820"
E06000026,Plymouth,60,340,"1,090",260,155,480,240,545,270,285,785,455,5,125,340,360,"5,915"
E06000025,South Gloucestershire,440,600,"1,785",365,310,485,590,430,985,310,"1,770",890,40,145,425,540,"10,340"
E06000030,Swindon,120,380,"1,075",225,225,425,675,380,915,225,"1,270",655,15,160,255,405,"7,545"
E06000027,Torbay,105,200,655,135,135,385,155,515,165,175,460,300,0,70,215,290,"4,030"
E06000054,Wiltshire,"2,130","1,255","2,790",685,720,"1,250",600,"1,095","1,800",785,"4,020","1,760",160,465,730,"1,515","22,205"
E10000008,Devon,"7,935","2,125","4,915","1,235","1,120","2,510","1,120","2,620","1,560","1,325","4,310","2,385",280,535,"1,345","2,095","37,970"
E07000040,East Devon,"1,065",355,895,225,185,495,225,460,290,250,805,425,60,85,235,370,"6,515"
E07000041,Exeter,80,220,585,140,145,330,185,285,290,225,740,300,5,115,260,310,"4,365"
E07000042,Mid Devon,"1,415",295,565,150,150,195,140,195,150,105,410,260,40,45,115,245,"4,520"
E07000043,North Devon,"1,335",260,605,150,120,340,100,455,150,145,420,310,40,55,160,250,"4,950"
E07000044,South Hams,920,315,620,135,155,395,105,400,240,210,655,305,40,70,175,295,"5,105"
E07000045,Teignbridge,725,375,865,225,215,360,190,420,250,225,710,415,40,85,225,330,"5,750"
E07000046,Torridge,"1,335",170,465,120,85,185,95,215,75,80,285,190,20,45,80,145,"3,610"
E07000047,West Devon,"1,060",135,315,90,65,210,80,190,115,85,285,180,35,35,95,150,"3,155"
E10000013,Gloucestershire,"2,310","1,840","3,710",880,955,"1,815","1,020","1,570","2,550","1,045","5,275","2,435",175,555,"1,115","1,880","29,880"
E07000078,Cheltenham,50,225,595,125,135,350,115,300,655,260,"1,170",465,5,110,250,330,"5,415"
E07000079,Cotswold,775,335,635,150,200,410,115,345,425,220,"1,200",485,45,110,170,440,"6,190"
E07000080,Forest of Dean,580,295,525,145,110,225,250,210,220,120,565,360,40,50,120,230,"4,090"
E07000081,Gloucester,15,245,605,160,130,235,235,255,325,115,495,340,10,85,210,255,"3,800"
E07000082,Stroud,505,430,760,170,220,365,150,285,505,175,"1,105",450,40,115,220,390,"5,995"
E07000083,Tewkesbury,385,310,590,130,160,230,155,175,420,155,740,335,35,85,145,235,"4,390"
E10000027,Somerset,"3,830","1,645","3,370",885,775,"1,570",820,"1,530","1,195",850,"3,395","1,770",205,395,810,"1,480","24,930"
E07000187,Mendip,785,395,820,170,175,375,165,345,360,205,835,395,35,100,160,345,"5,745"
E07000188,Sedgemoor,680,345,700,200,165,285,220,355,205,160,645,345,45,80,145,270,"4,930"
E07000246,Somerset West and Taunton,"1,205",390,850,240,185,450,235,425,305,250,"1,030",570,55,100,280,430,"7,125"
E07000189,South Somerset,"1,160",515,"1,000",275,250,460,200,405,325,235,885,460,70,115,225,435,"7,130"
,,,,,,,,,,,,,,,,,,
W92000004,Wales,"13,760","6,640","13,495","3,725","3,125","8,505","4,840","8,900","4,635","2,905","12,060","8,225",535,"1,370","4,340","6,895","105,855"
W06000001,Isle of Anglesey,610,125,320,85,65,170,85,280,75,55,205,155,25,35,105,140,"2,550"
W06000002,Gwynedd,"1,240",295,660,145,110,425,145,680,150,105,380,290,35,75,200,310,"5,285"
W06000003,Conwy,690,265,550,150,115,350,230,570,135,115,455,335,25,55,235,280,"4,640"
W06000004,Denbighshire,580,230,465,135,125,245,325,400,130,80,355,295,20,55,195,230,"3,910"
W06000005,Flintshire,335,430,725,250,205,440,280,300,265,120,845,490,30,70,200,340,"5,425"
W06000006,Wrexham,375,340,620,145,185,260,200,260,135,135,505,345,30,45,205,290,"4,135"
W06000023,Powys,"3,300",415,845,250,235,455,235,595,200,140,600,585,75,75,210,390,"8,660"
W06000008,Ceredigion,"1,355",185,445,125,90,290,90,330,100,95,260,245,35,25,100,175,"3,965"
W06000009,Pembrokeshire,"1,350",415,670,150,145,400,170,695,145,95,490,515,45,55,180,350,"5,930"
W06000010,Carmarthenshire,"2,125",430,925,280,230,505,290,555,195,155,635,515,55,70,275,450,"7,775"
W06000011,Swansea,225,425,885,260,210,935,355,615,355,270,820,630,15,95,315,550,"7,090"
W06000012,Neath Port Talbot,130,245,450,120,95,260,160,315,135,55,315,245,10,35,150,255,"3,015"
W06000013,Bridgend,105,425,500,175,125,315,235,325,160,115,485,265,20,70,160,275,"3,850"
W06000014,Vale of Glamorgan,175,250,540,150,135,325,125,285,300,175,700,380,20,70,215,315,"4,260"
W06000015,Cardiff,40,475,"1,260",330,360,840,350,830,"1,025",575,"2,130","1,075",20,210,620,865,"11,545"
W06000016,Rhondda Cynon Taf,115,400,"1,105",240,135,880,280,495,215,145,630,410,10,80,225,425,"5,880"
W06000024,Merthyr Tydfil,20,80,315,50,40,115,70,135,45,30,115,95,0,15,65,95,"1,300"
W06000018,Caerphilly,130,370,665,185,135,350,295,345,185,105,435,305,15,70,160,335,"4,170"
W06000019,Blaenau Gwent,20,120,195,75,45,135,95,120,30,20,95,85,0,10,55,100,"1,225"
W06000020,Torfaen,55,215,350,120,75,170,115,155,115,45,215,195,10,30,110,155,"2,170"
W06000021,Monmouthshire,690,240,475,140,130,265,145,295,280,135,790,335,30,55,180,265,"4,510"
W06000022,Newport,95,265,530,165,135,375,565,320,260,140,600,435,10,70,180,305,"4,565"
,,,,,,,,,,,,,,,,,,
S92000003,Scotland,"17,335","10,770","20,950","4,645","5,160","13,385","5,920","14,435","10,525","5,875","30,845","13,260",55,"2,020","6,585","12,615","177,695"
S12000033,Aberdeen City,110,520,640,160,250,390,245,495,440,340,"3,250",870,5,95,275,445,"8,690"
S12000034,Aberdeenshire,"2,990",945,"1,525",345,310,560,355,620,365,275,"3,465","1,085",0,105,255,570,"13,865"
S12000041,Angus,680,270,495,110,120,280,130,310,75,105,670,240,0,35,130,255,"3,935"
S12000035,Argyll and Bute,815,240,385,80,90,365,95,490,105,85,380,220,0,35,135,255,"3,790"
S12000036,City of Edinburgh,160,690,"1,550",220,415,"1,320",300,"1,740","2,580",885,"4,370","1,610",15,305,915,"1,460","19,400"
S12000005,Clackmannanshire,45,75,150,30,45,90,45,105,65,50,170,80,0,15,35,80,"1,095"
S12000006,Dumfries and Galloway,"2,040",340,650,170,195,420,215,550,95,110,490,340,5,45,215,370,"6,285"
S12000042,Dundee City,20,195,460,135,110,335,110,365,150,170,460,240,5,50,185,320,"3,380"
S12000008,East Ayrshire,445,215,460,105,95,265,160,260,115,80,415,240,0,20,105,260,"3,280"
S12000045,East Dunbartonshire,50,150,415,65,90,210,80,155,265,130,660,195,0,45,130,255,"2,960"
S12000010,East Lothian,295,165,420,80,95,235,80,245,250,90,540,265,0,40,140,245,"3,240"
S12000011,East Renfrewshire,65,115,300,50,85,185,60,135,245,145,585,215,0,30,145,245,"2,655"
S12000014,Falkirk,120,260,485,140,130,305,180,305,245,80,660,280,0,50,135,305,"3,740"
S12000047,Fife,630,865,"1,305",315,280,765,470,810,530,270,"1,595",755,5,95,335,750,"9,900"
S12000049,Glasgow City,40,990,"1,780",415,665,"2,290",515,"1,885","1,745",995,"3,195","1,460",5,285,980,"1,610","19,415"
S12000017,Highland,"2,245",665,"1,530",275,230,685,315,"1,160",250,330,"1,250",750,5,100,345,635,"10,840"
S12000018,Inverclyde,35,100,175,40,45,175,40,145,95,55,300,135,0,25,90,150,"1,620"
S12000019,Midlothian,110,180,410,85,75,140,80,155,185,75,425,195,0,30,95,200,"2,500"
S12000020,Moray,645,230,480,120,65,230,85,280,70,70,400,215,0,30,95,200,"3,250"
S12000013,Na h-Eileanan Siar,325,85,115,35,20,85,45,105,35,25,115,70,0,15,40,60,"1,185"
S12000021,North Ayrshire,230,265,475,95,85,280,120,355,115,90,475,250,0,35,100,290,"3,285"
S12000050,North Lanarkshire,125,565,"1,320",290,270,645,610,590,365,180,985,585,0,70,285,565,"7,595"
S12000023,Orkney Islands,650,90,135,30,25,80,50,75,25,20,105,70,0,5,40,70,"1,470"
S12000048,Perth and Kinross,935,360,760,180,200,410,145,535,255,210,860,455,0,70,190,465,"6,115"
S12000038,Renfrewshire,110,335,645,150,180,405,180,350,240,145,795,375,5,60,190,415,"4,675"
S12000026,Scottish Borders,"1,210",280,625,155,130,355,115,360,165,125,575,315,0,50,145,320,"4,980"
S12000027,Shetland Islands,650,95,160,25,30,85,45,80,20,25,120,60,0,10,35,60,"1,500"
S12000028,South Ayrshire,410,200,410,110,125,290,110,300,125,125,480,240,0,40,130,305,"3,455"
S12000029,South Lanarkshire,585,665,"1,335",305,365,710,465,630,485,235,"1,370",655,5,100,300,685,"9,055"
S12000030,Stirling,395,175,445,75,125,275,100,350,255,160,685,270,0,60,150,265,"3,940"
S12000039,West Dunbartonshire,40,150,295,70,50,175,130,200,80,55,250,145,0,15,80,170,"1,925"
S12000040,West Lothian,130,295,615,185,165,345,245,295,490,140,750,380,0,55,160,335,"4,675"
,,,,,,,,,,,,,,,,,,
N92000002,Northern Ireland,"18,325","5,305","10,545","2,625","3,110","5,670","2,765","4,210","2,035","2,385","6,060","2,840",40,695,"2,735","4,645","75,180"
N09000001,Antrim and Newtownabbey,720,330,540,195,220,280,235,240,120,130,360,165,5,45,125,300,"4,070"
N09000011,Ards and North Down,600,325,610,170,200,415,135,355,200,200,550,195,0,60,225,380,"4,720"
N09000002,Armagh City Banbridge and Craigavon,"2,350",640,"1,215",330,430,725,415,375,135,235,545,280,0,65,245,495,"8,585"
N09000003,Belfast,45,600,845,195,430,955,405,970,775,580,"1,760",580,25,180,745,"1,000","10,470"
N09000004,Causeway Coast and Glens,"1,930",340,"1,000",225,190,480,160,385,75,155,295,190,0,45,170,300,"5,995"
N09000005,Derry City and Strabane,"1,260",370,830,200,205,430,180,305,120,155,375,170,5,45,225,345,"5,285"
N09000006,Fermanagh and Omagh,"3,745",450,"1,100",280,235,500,175,270,60,190,325,250,0,40,175,310,"8,175"
N09000007,Lisburn and Castlereagh,650,400,660,195,335,330,235,270,210,185,500,250,5,50,215,375,"4,960"
N09000008,Mid and East Antrim,"1,400",380,640,205,180,360,140,290,85,140,335,180,0,45,160,335,"4,935"
N09000009,Mid Ulster,"3,250",845,"1,540",340,335,545,330,305,90,215,430,235,0,55,195,320,"9,130"
N09000010,Newry Mourne and Down,"2,375",625,"1,565",290,350,650,355,445,165,200,585,345,0,65,255,485,"8,855"
